Start time,Last time,Attack category,Attack subcategory,Protocol,Source IP,Source Port,Destination IP,Destination Port,Attack Name,Attack Reference,.
1421927414,1421927416,Reconnaissance,HTTP,tcp,175.45.176.0,13284,149.171.126.16,80,Domino Web Server Database Access: /doladmin.nsf (https://strikecenter.bpointsys.com/bps/strikes/recon/http/domino/access_domino_doladmin_nsf.xml),-,.
1421927415,1421927415,Exploits,Unix 'r' Service,udp,175.45.176.3,21223,149.171.126.18,32780,Solaris rwalld Format String Vulnerability (https://strikecenter.bpointsys.com/bps/strikes/exploits/rservices/solaris_rwall_format_string.xml),CVE 2002-0573 (http://cve.mitre.org/cgi-bin/cvename.cgi?name=2002%2d0573)BID 4639 (http://www.securityfocus.com/bid/4639)CVSS-High (https://strikecenter.bpointsys.com/bps/reference/CVSS/7.5%20%28AV%3aN%2fAC%3aL%2fAu%3aN%2fC%3aP%2fI%3aP%2fA%3aP%29),.
1421927416,1421927416,Exploits,Browser,tcp,175.45.176.2,23357,149.171.126.16,80,Windows Metafile (WMF) SetAbortProc() Code Execution [009] (https://strikecenter.bpointsys.com/bps/strikes/exploits/browser/wmf_009.xml),CVE 2005-4560 (http://cve.mitre.org/cgi-bin/cvename.cgi?name=2005%2d4560)BID 16074 (http://www.securityfocus.com/bid/16074)OSVDB 21987 (http://www.osvdb.org/21987)CVSS-High (https://strikecenter.bpointsys.com/bps/reference/CVSS/7.5%20%28AV%3aN%2fAC%3aL%2fAu%3aN%2fC%3aP%2fI%3aP%2fA%3aP%29),.
1421927417,1421927417,Exploits,Miscellaneous Batch,tcp,175.45.176.2,13792,149.171.126.16,5555,HP Data Protector Backup (https://strikecenter.bpointsys.com/bps/strikes/exploits/misc/cve_2011_1729.xml),CVE 2011-1729 (http://cve.mitre.org/cgi-bin/cvename.cgi?name=2011%2d1729)BID 47638 (http://www.securityfocus.com/bid/47638)OSVDB 72188 (http://www.osvdb.org/72188)CVSS-Critical (https://strikecenter.bpointsys.com/bps/reference/CVSS/10.0%20%28AV%3aN%2fAC%3aL%2fAu%3aN%2fC%3aC%2fI%3aC%2fA%3aC%29),.
1421927418,1421927418,Exploits,Cisco IOS ,tcp,175.45.176.2,26939,149.171.126.10,80,Cisco IOS HTTP Authentication Bypass Level 64 (https://strikecenter.bpointsys.com/bps/strikes/exploits/ios/cisco_auth_bypass_level_64.xml),CVE 2001-0537 (http://cve.mitre.org/cgi-bin/cvename.cgi?name=2001%2d0537)BID 2936 (http://www.securityfocus.com/bid/2936)OSVDB 578 (http://www.osvdb.org/578)CVSS-High (https://strikecenter.bpointsys.com/bps/reference/CVSS/9.3%20%28AV%3aN%2fAC%3aM%2fAu%3aN%2fC%3aC%2fI%3aC%2fA%3aC%29),.
1421927419,1421927419,DoS,Miscellaneous,tcp,175.45.176.0,39500,149.171.126.15,80,Cisco DCP2100 SADownStartingFrequency Denial of Service (https://strikecenter.bpointsys.com/bps/strikes/denial/misc/cisco_dcp2100_denial_of_service.xml),http://www.exploit-db.com/exploits/21523/ (http%3a%2f%2fwww.exploit%2ddb.com%2fexploits%2f21523%2f)CVSS-High (https://strikecenter.bpointsys.com/bps/reference/CVSS/7.8%20%28AV%3aN%2fAC%3aL%2fAU%3aN%2fC%3aN%2fI%3aN%2fA%3aC%29),.
1421927419,1421927422,DoS,Miscellaneous,tcp,175.45.176.0,23910,149.171.126.15,80,Cisco DCP2100 SADownStartingFrequency Denial of Service (https://strikecenter.bpointsys.com/bps/strikes/denial/misc/cisco_dcp2100_denial_of_service.xml),http://www.exploit-db.com/exploits/21523/ (http%3a%2f%2fwww.exploit%2ddb.com%2fexploits%2f21523%2f)CVSS-High (https://strikecenter.bpointsys.com/bps/reference/CVSS/7.8%20%28AV%3aN%2fAC%3aL%2fAU%3aN%2fC%3aN%2fI%3aN%2fA%3aC%29),.
1421927420,1421927420,Generic, IXIA,tcp,175.45.176.0,29309,149.171.126.14,3000,Alt-N_MDaemon_WorldClient_Service_Memory_Corruption_attack (https://strikecenter.bpointsys.com/bps/strikes/generic/ixia/alt-n_mdaemon_worldclient_service_memory_corruption_attack.xml),CVE 2008-2631 (http://cve.mitre.org/cgi-bin/cvename.cgi?name=2008%2d2631)OSVDB 45923 (http://www.osvdb.org/45923)CVSS-Moderate (https://strikecenter.bpointsys.com/bps/reference/CVSS/5.0%20%28AV%3aN%2fAC%3aL%2fAu%3aN%2fC%3aN%2fI%3aN%2fA%3aP%29),.
1421927421,1421927421,Exploits,Browser,tcp,175.45.176.0,61089,149.171.126.18,80,Microsoft Internet Explorer Frameset Memory Corruption (https://strikecenter.bpointsys.com/bps/strikes/exploits/browser/ms06_042_html_frameset_memory_corruption.xml),CVE 2006-3637 (http://cve.mitre.org/cgi-bin/cvename.cgi?name=2006%2d3637)BID 18227 (http://www.securityfocus.com/bid/18227)OSVDB 27853 (http://www.osvdb.org/27853)CVSS-Moderate (https://strikecenter.bpointsys.com/bps/reference/CVSS/5.1%20%28AV%3aN%2fAC%3aH%2fAu%3aN%2fC%3aP%2fI%3aP%2fA%3aP%29),.
1421927421,1421927422,Exploits,Browser,tcp,175.45.176.0,4159,149.171.126.18,80,Microsoft Internet Explorer Frameset Memory Corruption (https://strikecenter.bpointsys.com/bps/strikes/exploits/browser/ms06_042_html_frameset_memory_corruption.xml),CVE 2006-3637 (http://cve.mitre.org/cgi-bin/cvename.cgi?name=2006%2d3637)BID 18227 (http://www.securityfocus.com/bid/18227)OSVDB 27853 (http://www.osvdb.org/27853)CVSS-Moderate (https://strikecenter.bpointsys.com/bps/reference/CVSS/5.1%20%28AV%3aN%2fAC%3aH%2fAu%3aN%2fC%3aP%2fI%3aP%2fA%3aP%29),.1424262025,1424262025,Generic,IXIA,udp,175.45.176.0,1043,149.171.126.10,53,Microsoft_DNS_Server_ANY_Query_Cache_Weakness_attack (https://strikecenter.bpointsys.com/bps/strikes/generic/ixia/microsoft_dns_server_any_query_cache_weakness_attack.xml),CVE 2009-0234 (http://cve.mitre.org/cgi-bin/cvename.cgi?name=2009%2d0234)MSB MS09-008 (http://www.microsoft.com/technet/security/bulletin/MS09%2d008.mspx)BID 33988 (http://www.securityfocus.com/bid/33988)OSVDB 52518 (http://www.osvdb.org/52518)CVSS-Moderate (https://strikecenter.bpointsys.com/bps/reference/CVSS/6.4%20%28AV%3aN%2fAC%3aL%2fAu%3aN%2fC%3aN%2fI%3aP%2fA%3aP%29),.
1424262025,1424262025,Generic,IXIA,udp,175.45.176.0,47439,149.171.126.10,53,Microsoft_DNS_Server_ANY_Query_Cache_Weakness_attack (https://strikecenter.bpointsys.com/bps/strikes/generic/ixia/microsoft_dns_server_any_query_cache_weakness_attack.xml),CVE 2009-0234 (http://cve.mitre.org/cgi-bin/cvename.cgi?name=2009%2d0234)MSB MS09-008 (http://www.microsoft.com/technet/security/bulletin/MS09%2d008.mspx)BID 33988 (http://www.securityfocus.com/bid/33988)OSVDB 52518 (http://www.osvdb.org/52518)CVSS-Moderate (https://strikecenter.bpointsys.com/bps/reference/CVSS/6.4%20%28AV%3aN%2fAC%3aL%2fAu%3aN%2fC%3aN%2fI%3aP%2fA%3aP%29),.
1424262025,1424262026,Exploits, Office Document,tcp,175.45.176.0,38308,149.171.126.10,25,Microsoft Excel Object 5D Stack Overflow Vulnerability (SMTP Quoted Printable) (https://strikecenter.bpointsys.com/bps/strikes/exploits/office/ms10_038_excel_5d_object_stack_overflow_smtp_attachment_quoted_printable.xml),CVE 2010-0822 (http://cve.mitre.org/cgi-bin/cvename.cgi?name=2010%2d0822)MSB MS10-038 (http://www.microsoft.com/technet/security/bulletin/MS10%2d038.mspx)BID 40520 (http://www.securityfocus.com/bid/40520)CVSS-High (https://strikecenter.bpointsys.com/bps/reference/CVSS/9.3%20%28AV%3aN%2fAC%3aM%2fAu%3aN%2fC%3aC%2fI%3aC%2fA%3aC%29),.
1424262027,1424262027, Reconnaissance ,HTTP,tcp,175.45.176.0,2605,149.171.126.15,80,Domino Web Server Database Access: /doc/helpadmin.nsf (https://strikecenter.bpointsys.com/bps/strikes/recon/http/domino/access_domino_dochelpadmin_nsf.xml),NULL,.
1424262027,1424262027,Generic,IXIA,udp,175.45.176.0,47439,149.171.126.10,53,Microsoft_DNS_Server_ANY_Query_Cache_Weakness_attack (https://strikecenter.bpointsys.com/bps/strikes/generic/ixia/microsoft_dns_server_any_query_cache_weakness_attack.xml),CVE 2009-0234 (http://cve.mitre.org/cgi-bin/cvename.cgi?name=2009%2d0234)MSB MS09-008 (http://www.microsoft.com/technet/security/bulletin/MS09%2d008.mspx)BID 33988 (http://www.securityfocus.com/bid/33988)OSVDB 52518 (http://www.osvdb.org/52518)CVSS-Moderate (https://strikecenter.bpointsys.com/bps/reference/CVSS/6.4%20%28AV%3aN%2fAC%3aL%2fAu%3aN%2fC%3aN%2fI%3aP%2fA%3aP%29),.
1424262027,1424262028,Exploits, Evasions,tcp,175.45.176.0,14842,149.171.126.11,25,CVE-2012-1427 malware evasion (malware) (https://strikecenter.bpointsys.com/bps/strikes/exploits/evasions/CVE-2012-1427_evasion_malware.xml),CVE 2012-1427 (http://cve.mitre.org/cgi-bin/cvename.cgi?name=2012%2d1427)CVSS-Moderate (https://strikecenter.bpointsys.com/bps/reference/CVSS/4.3%20%28AV%3aN%2fAC%3aM%2fAu%3aN%2fC%3aN%2fI%3aP%2fA%3aN%29),.
1424262028,1424262028,Generic,IXIA,udp,175.45.176.0,1043,149.171.126.10,53,Microsoft_DNS_Server_ANY_Query_Cache_Weakness_attack (https://strikecenter.bpointsys.com/bps/strikes/generic/ixia/microsoft_dns_server_any_query_cache_weakness_attack.xml),CVE 2009-0234 (http://cve.mitre.org/cgi-bin/cvename.cgi?name=2009%2d0234)MSB MS09-008 (http://www.microsoft.com/technet/security/bulletin/MS09%2d008.mspx)BID 33988 (http://www.securityfocus.com/bid/33988)OSVDB 52518 (http://www.osvdb.org/52518)CVSS-Moderate (https://strikecenter.bpointsys.com/bps/reference/CVSS/6.4%20%28AV%3aN%2fAC%3aL%2fAu%3aN%2fC%3aN%2fI%3aP%2fA%3aP%29),.
1424262028,1424262029,Generic,SMTP,tcp,175.45.176.2,15706,149.171.126.19,25,SMTP: Executable File Attachment in Archive (BAT in TAR.BZ2) (https://strikecenter.bpointsys.com/bps/strikes/generic/smtp/attachment_tar_bz2_bat.xml),NULL,.
1424262028,1424262030,Exploits, Evasions,tcp,175.45.176.0,40991,149.171.126.11,25,CVE-2012-1427 malware evasion (malware) (https://strikecenter.bpointsys.com/bps/strikes/exploits/evasions/CVE-2012-1427_evasion_malware.xml),CVE 2012-1427 (http://cve.mitre.org/cgi-bin/cvename.cgi?name=2012%2d1427)CVSS-Moderate (https://strikecenter.bpointsys.com/bps/reference/CVSS/4.3%20%28AV%3aN%2fAC%3aM%2fAu%3aN%2fC%3aN%2fI%3aP%2fA%3aN%29),.
1424262029,1424262030, Reconnaissance ,HTTP,tcp,175.45.176.0,62090,149.171.126.15,80,Oracle 9iAS Dynamic Monitoring Services Anonymous Access Variant 8 (https://strikecenter.bpointsys.com/bps/strikes/recon/http/oracle/oracle_dms_anonymous_access_7.xml),CVE 2002-0563 (http://cve.mitre.org/cgi-bin/cvename.cgi?name=2002%2d0563)BID 4293 (http://www.securityfocus.com/bid/4293)OSVDB 705 (http://www.osvdb.org/705)CVSS-Low (https://strikecenter.bpointsys.com/bps/reference/CVSS/AV%3aR%2fAC%3aL%2fAu%3aNR%2fC%3aC%2fI%3aN%2fA%3aN%2fB%3aN),.
1424262030,1424262030, Reconnaissance ,SunRPC Portmapper (UDP) UDP Service,udp,175.45.176.3,64316,149.171.126.18,111,SunRPC UDP Portmapper GETPORT Request (databasev1/udp) (https://strikecenter.bpointsys.com/bps/strikes/recon/sunrpc/portmap_udp/service_udp/database_v1_udp.xml),NULL,.
1424262030,1424262030,Generic,IXIA,udp,175.45.176.0,47439,149.171.126.10,53,Microsoft_DNS_Server_ANY_Query_Cache_Weakness_attack (https://strikecenter.bpointsys.com/bps/strikes/generic/ixia/microsoft_dns_server_any_query_cache_weakness_attack.xml),CVE 2009-0234 (http://cve.mitre.org/cgi-bin/cvename.cgi?name=2009%2d0234)MSB MS09-008 (http://www.microsoft.com/technet/security/bulletin/MS09%2d008.mspx)BID 33988 (http://www.securityfocus.com/bid/33988)OSVDB 52518 (http://www.osvdb.org/52518)CVSS-Moderate (https://strikecenter.bpointsys.com/bps/reference/CVSS/6.4%20%28AV%3aN%2fAC%3aL%2fAu%3aN%2fC%3aN%2fI%3aP%2fA%3aP%29),.
1424262031,1424262031,Exploits,Web Application,tcp,175.45.176.2,64704,149.171.126.19,80,Up.Time Monitoring Server 7.2 File Upload and Code Execution (https://strikecenter.bpointsys.com/bps/strikes/exploits/webapp/exec/upTime_monitoring_file_upload_RCE.xml),BID 64031 (http://www.securityfocus.com/bid/64031)OSVDB 100423 (http://www.osvdb.org/100423)http://www.security-assessment.com/files/documents/advisory/Up.Time%207.2%20-%20Arbitrary%20File%20Upload.pdf (http%3a%2f%2fwww.security%2dassessment.com%2ffiles%2fdocuments%2fadvisory%2fUp.Time%25207.2%2520%2d%2520Arbitrary%2520File%2520Upload.pdf)CVSS-Moderate (https://strikecenter.bpointsys.com/bps/reference/CVSS/6.4%20%28AV%3aN%2fAC%3aL%2fAu%3aN%2fC%3aP%2fI%3aP%2fA%3aN%29),.
1424262031,1424262031,Generic,IXIA,udp,175.45.176.0,1043,149.171.126.10,53,Microsoft_DNS_Server_ANY_Query_Cache_Weakness_attack (https://strikecenter.bpointsys.com/bps/strikes/generic/ixia/microsoft_dns_server_any_query_cache_weakness_attack.xml),CVE 2009-0234 (http://cve.mitre.org/cgi-bin/cvename.cgi?name=2009%2d0234)MSB MS09-008 (http://www.microsoft.com/technet/security/bulletin/MS09%2d008.mspx)BID 33988 (http://www.securityfocus.com/bid/33988)OSVDB 52518 (http://www.osvdb.org/52518)CVSS-Moderate (https://strikecenter.bpointsys.com/bps/reference/CVSS/6.4%20%28AV%3aN%2fAC%3aL%2fAu%3aN%2fC%3aN%2fI%3aP%2fA%3aP%29),.
1424262033,1424262034,Exploits,Backup Appliance,tcp,175.45.176.0,47679,149.171.126.18,1900,CA ARCserve Backup for Laptops and Desktops LGServer Handshake Buffer Overflow (https://strikecenter.bpointsys.com/bps/strikes/exploits/backup/arcserve_lgserver_handshake_bof_01.xml),CVE 2008-3175 (http://cve.mitre.org/cgi-bin/cvename.cgi?name=2008%2d3175)CVSS-Critical (https://strikecenter.bpointsys.com/bps/reference/CVSS/10.0%20%28AV%3aN%2fAC%3aL%2fAu%3aN%2fC%3aC%2fI%3aC%2fA%3aC%29),.
1424262033,1424262034,Exploits,Browser ,tcp,175.45.176.2,52078,149.171.126.19,80,Microsoft Internet Explorer 8 CGenericElement Use-After-Free Vulnerability (https://strikecenter.bpointsys.com/bps/strikes/exploits/browser/cve_2013_1347_ms_ie_cgenericElement_uaf.xml),CVE 2013-1347 (http://cve.mitre.org/cgi-bin/cvename.cgi?name=2013%2d1347)MSB MS13-038 (http://www.microsoft.com/technet/security/bulletin/MS13%2d038.mspx)BID 59641 (http://www.securityfocus.com/bid/59641)OSVDB 92993 (http://www.osvdb.org/92993)CVSS-High (https://strikecenter.bpointsys.com/bps/reference/CVSS/9.3%20%28AV%3aN%2fAC%3aM%2fAu%3aN%2fC%3aC%2fI%3aC%2fA%3aC%29),.
1424262034,1424262034,Generic,IXIA,udp,175.45.176.0,47439,149.171.126.10,53,Microsoft_DNS_Server_ANY_Query_Cache_Weakness_attack (https://strikecenter.bpointsys.com/bps/strikes/generic/ixia/microsoft_dns_server_any_query_cache_weakness_attack.xml),CVE 2009-0234 (http://cve.mitre.org/cgi-bin/cvename.cgi?name=2009%2d0234)MSB MS09-008 (http://www.microsoft.com/technet/security/bulletin/MS09%2d008.mspx)BID 33988 (http://www.securityfocus.com/bid/33988)OSVDB 52518 (http://www.osvdb.org/52518)CVSS-Moderate (https://strikecenter.bpointsys.com/bps/reference/CVSS/6.4%20%28AV%3aN%2fAC%3aL%2fAu%3aN%2fC%3aN%2fI%3aP%2fA%3aP%29),.
1424262035,1424262035,Exploits, Clientside,tcp,175.45.176.0,38447,149.171.126.12,80,Adobe Acrobat Reader 'customDictionaryOpen' Memory Corruption (HTTP) (https://strikecenter.bpointsys.com/bps/strikes/exploits/clientside/acrobat_pdf_custom_dictionary_open_http_download.xml),CVE 2009-1493 (http://cve.mitre.org/cgi-bin/cvename.cgi?name=2009%2d1493)BID 34740 (http://www.securityfocus.com/bid/34740)OSVDB 54129 (http://www.osvdb.org/54129)CVSS-Moderate (https://strikecenter.bpointsys.com/bps/reference/CVSS/6.8%20%28AV%3aN%2fAC%3aM%2fAu%3aN%2fC%3aP%2fI%3aP%2fA%3aP%29),.
1424262035,1424262035,Generic,IXIA,udp,175.45.176.0,1043,149.171.126.10,53,Microsoft_DNS_Server_ANY_Query_Cache_Weakness_attack (https://strikecenter.bpointsys.com/bps/strikes/generic/ixia/microsoft_dns_server_any_query_cache_weakness_attack.xml),CVE 2009-0234 (http://cve.mitre.org/cgi-bin/cvename.cgi?name=2009%2d0234)MSB MS09-008 (http://www.microsoft.com/technet/security/bulletin/MS09%2d008.mspx)BID 33988 (http://www.securityfocus.com/bid/33988)OSVDB 52518 (http://www.osvdb.org/52518)CVSS-Moderate (https://strikecenter.bpointsys.com/bps/reference/CVSS/6.4%20%28AV%3aN%2fAC%3aL%2fAu%3aN%2fC%3aN%2fI%3aP%2fA%3aP%29),.
1424262035,1424262037,Exploits, Office Document,tcp,175.45.176.1,24648,149.171.126.11,143,Microsoft Office PowerPoint 4.0 Converter Code Execution (IMAP4 Quoted Printable) (https://strikecenter.bpointsys.com/bps/strikes/exploits/office/ms09_017_ppt_4_convertor_imap4_download_quoted_printable.xml),CVE 2009-0223 (http://cve.mitre.org/cgi-bin/cvename.cgi?name=2009%2d0223)MSB MS09-017 (http://www.microsoft.com/technet/security/bulletin/MS09%2d017.mspx)CVSS-High (https://strikecenter.bpointsys.com/bps/reference/CVSS/9.3%20%28AV%3aN%2fAC%3aM%2fAu%3aN%2fC%3aC%2fI%3aC%2fA%3aC%29),.
1424262037,1424262037,Generic,IXIA,udp,175.45.176.0,1043,149.171.126.10,53,Microsoft_DNS_Server_ANY_Query_Cache_Weakness_attack (https://strikecenter.bpointsys.com/bps/strikes/generic/ixia/microsoft_dns_server_any_query_cache_weakness_attack.xml),CVE 2009-0234 (http://cve.mitre.org/cgi-bin/cvename.cgi?name=2009%2d0234)MSB MS09-008 (http://www.microsoft.com/technet/security/bulletin/MS09%2d008.mspx)BID 33988 (http://www.securityfocus.com/bid/33988)OSVDB 52518 (http://www.osvdb.org/52518)CVSS-Moderate (https://strikecenter.bpointsys.com/bps/reference/CVSS/6.4%20%28AV%3aN%2fAC%3aL%2fAu%3aN%2fC%3aN%2fI%3aP%2fA%3aP%29),.
1424262037,1424262037,Generic,IXIA,udp,175.45.176.0,47439,149.171.126.10,53,Microsoft_DNS_Server_ANY_Query_Cache_Weakness_attack (https://strikecenter.bpointsys.com/bps/strikes/generic/ixia/microsoft_dns_server_any_query_cache_weakness_attack.xml),CVE 2009-0234 (http://cve.mitre.org/cgi-bin/cvename.cgi?name=2009%2d0234)MSB MS09-008 (http://www.microsoft.com/technet/security/bulletin/MS09%2d008.mspx)BID 33988 (http://www.securityfocus.com/bid/33988)OSVDB 52518 (http://www.osvdb.org/52518)CVSS-Moderate (https://strikecenter.bpointsys.com/bps/reference/CVSS/6.4%20%28AV%3aN%2fAC%3aL%2fAu%3aN%2fC%3aN%2fI%3aP%2fA%3aP%29),.
1424262037,1424262038,Exploits, Clientside,tcp,175.45.176.2,43215,149.171.126.15,25,Microsoft Office Project Parser PropList Mismatched PID Code Execution (SMTP UUEncode) (https://strikecenter.bpointsys.com/bps/strikes/exploits/clientside/microsoft/office/ms09_074_project_proplist_pid_mismatch_smtp_attachment_uuencode.xml),CVE 2009-0102 (http://cve.mitre.org/cgi-bin/cvename.cgi?name=2009%2d0102)MSB MS09-074 (http://www.microsoft.com/technet/security/bulletin/MS09%2d074.mspx)CVSS-High (https://strikecenter.bpointsys.com/bps/reference/CVSS/9.3%20%28AV%3aN%2fAC%3aM%2fAu%3aN%2fC%3aC%2fI%3aC%2fA%3aC%29),.
1424262037,1424262043,Exploits,Miscellaneous,tcp,175.45.176.2,30290,149.171.126.13,25,Open Office XPM Image Heap Buffer Overflow (https://strikecenter.bpointsys.com/bps/strikes/exploits/misc/cve_2009_2949.xml),CVE 2009-2949 (http://cve.mitre.org/cgi-bin/cvename.cgi?name=2009%2d2949)BID 38218 (http://www.securityfocus.com/bid/38218)CVSS-High (https://strikecenter.bpointsys.com/bps/reference/CVSS/9.3%20%28AV%3aN%2fAC%3aM%2fAu%3aN%2fC%3aC%2fI%3aC%2fA%3aC%29),.
1424262039,1424262039,DoS,Miscellaneous,tcp,175.45.176.0,16307,149.171.126.18,3306,MySQL Server Geometry Query Denial of Service (https://strikecenter.bpointsys.com/bps/strikes/denial/misc/cve_2013_1861_mysql_geometry_dos.xml),CVE 2013-1861 (http://cve.mitre.org/cgi-bin/cvename.cgi?name=2013%2d1861)BID 58511 (http://www.securityfocus.com/bid/58511)OSVDB 91415 (http://www.osvdb.org/91415)CVSS-Moderate (https://strikecenter.bpointsys.com/bps/reference/CVSS/5.0%20%28AV%3aN%2fAC%3aL%2fAu%3aN%2fC%3aN%2fI%3aN%2fA%3aP%29),.
1424262039,1424262039,Generic,IXIA,udp,175.45.176.0,47439,149.171.126.10,53,Microsoft_DNS_Server_ANY_Query_Cache_Weakness_attack (https://strikecenter.bpointsys.com/bps/strikes/generic/ixia/microsoft_dns_server_any_query_cache_weakness_attack.xml),CVE 2009-0234 (http://cve.mitre.org/cgi-bin/cvename.cgi?name=2009%2d0234)MSB MS09-008 (http://www.microsoft.com/technet/security/bulletin/MS09%2d008.mspx)BID 33988 (http://www.securityfocus.com/bid/33988)OSVDB 52518 (http://www.osvdb.org/52518)CVSS-Moderate (https://strikecenter.bpointsys.com/bps/reference/CVSS/6.4%20%28AV%3aN%2fAC%3aL%2fAu%3aN%2fC%3aN%2fI%3aP%2fA%3aP%29),.
1424262040,1424262040,Generic,IXIA,udp,175.45.176.0,1043,149.171.126.10,53,Microsoft_DNS_Server_ANY_Query_Cache_Weakness_attack (https://strikecenter.bpointsys.com/bps/strikes/generic/ixia/microsoft_dns_server_any_query_cache_weakness_attack.xml),CVE 2009-0234 (http://cve.mitre.org/cgi-bin/cvename.cgi?name=2009%2d0234)MSB MS09-008 (http://www.microsoft.com/technet/security/bulletin/MS09%2d008.mspx)BID 33988 (http://www.securityfocus.com/bid/33988)OSVDB 52518 (http://www.osvdb.org/52518)CVSS-Moderate (https://strikecenter.bpointsys.com/bps/reference/CVSS/6.4%20%28AV%3aN%2fAC%3aL%2fAu%3aN%2fC%3aN%2fI%3aP%2fA%3aP%29),.
1424262040,1424262041, Reconnaissance ,SunRPC Portmapper (TCP) TCP Service,tcp,175.45.176.1,64203,149.171.126.11,111,SunRPC TCP Portmapper GETPORT Request (sunisamdv2/tcp) (https://strikecenter.bpointsys.com/bps/strikes/recon/sunrpc/portmap_tcp/service_tcp/sunisamd_v2_tcp.xml),NULL,.
1424262041,1424262042,Exploits,Browser ,tcp,175.45.176.0,10452,149.171.126.13,21,Internet Explorer Cached Objects Zone Bypass (execCommand) (https://strikecenter.bpointsys.com/bps/strikes/exploits/browser/ftp/ms02_066_cached_object_zone_bypass_08_ftp.xml),CVE 2002-1254 (http://cve.mitre.org/cgi-bin/cvename.cgi?name=2002%2d1254)MSB MS02-066 (http://www.microsoft.com/technet/security/bulletin/MS02%2d066.mspx)BID 6028 (http://www.securityfocus.com/bid/6028)CVSS-High (https://strikecenter.bpointsys.com/bps/reference/CVSS/7.5%20%28AV%3aN%2fAC%3aL%2fAu%3aN%2fC%3aP%2fI%3aP%2fA%3aP%29),.
1424262041,1424262042,Exploits,Browser ,tcp,175.45.176.0,6483,149.171.126.13,62660,Internet Explorer Cached Objects Zone Bypass (execCommand) (https://strikecenter.bpointsys.com/bps/strikes/exploits/browser/ftp/ms02_066_cached_object_zone_bypass_08_ftp.xml),CVE 2002-1254 (http://cve.mitre.org/cgi-bin/cvename.cgi?name=2002%2d1254)MSB MS02-066 (http://www.microsoft.com/technet/security/bulletin/MS02%2d066.mspx)BID 6028 (http://www.securityfocus.com/bid/6028)CVSS-High (https://strikecenter.bpointsys.com/bps/reference/CVSS/7.5%20%28AV%3aN%2fAC%3aL%2fAu%3aN%2fC%3aP%2fI%3aP%2fA%3aP%29),.
1424262041,1424262042,Exploits,Browser FTP,tcp,175.45.176.0,10452,149.171.126.13,21,Internet Explorer Cached Objects Zone Bypass (execCommand) (https://strikecenter.bpointsys.com/bps/strikes/exploits/browser/ftp/ms02_066_cached_object_zone_bypass_08_ftp.xml),CVE 2002-1254 (http://cve.mitre.org/cgi-bin/cvename.cgi?name=2002%2d1254)MSB MS02-066 (http://www.microsoft.com/technet/security/bulletin/MS02%2d066.mspx)BID 6028 (http://www.securityfocus.com/bid/6028)CVSS-High (https://strikecenter.bpointsys.com/bps/reference/CVSS/7.5%20%28AV%3aN%2fAC%3aL%2fAu%3aN%2fC%3aP%2fI%3aP%2fA%3aP%29),.
1424262041,1424262042,Exploits,Browser FTP,tcp,175.45.176.0,6483,149.171.126.13,62660,Internet Explorer Cached Objects Zone Bypass (execCommand) (https://strikecenter.bpointsys.com/bps/strikes/exploits/browser/ftp/ms02_066_cached_object_zone_bypass_08_ftp.xml),CVE 2002-1254 (http://cve.mitre.org/cgi-bin/cvename.cgi?name=2002%2d1254)MSB MS02-066 (http://www.microsoft.com/technet/security/bulletin/MS02%2d066.mspx)BID 6028 (http://www.securityfocus.com/bid/6028)CVSS-High (https://strikecenter.bpointsys.com/bps/reference/CVSS/7.5%20%28AV%3aN%2fAC%3aL%2fAu%3aN%2fC%3aP%2fI%3aP%2fA%3aP%29),.
1424262042,1424262042,Exploits,Web Application,tcp,175.45.176.3,26565,149.171.126.16,80,AWStats rawlog Plugin File Disclosure (https://strikecenter.bpointsys.com/bps/strikes/exploits/webapp/info/awstats_logfile.xml),CVE 2005-0435 (http://cve.mitre.org/cgi-bin/cvename.cgi?name=2005%2d0435)BID 10950 (http://www.securityfocus.com/bid/10950)OSVDB 13831 (http://www.osvdb.org/13831)CVSS-Moderate (https://strikecenter.bpointsys.com/bps/reference/CVSS/5.0%20%28AV%3aN%2fAC%3aL%2fAu%3aN%2fC%3aP%2fI%3aN%2fA%3aN%29),.
1424262042,1424262042,Generic,IXIA,udp,175.45.176.0,47439,149.171.126.10,53,Microsoft_DNS_Server_ANY_Query_Cache_Weakness_attack (https://strikecenter.bpointsys.com/bps/strikes/generic/ixia/microsoft_dns_server_any_query_cache_weakness_attack.xml),CVE 2009-0234 (http://cve.mitre.org/cgi-bin/cvename.cgi?name=2009%2d0234)MSB MS09-008 (http://www.microsoft.com/technet/security/bulletin/MS09%2d008.mspx)BID 33988 (http://www.securityfocus.com/bid/33988)OSVDB 52518 (http://www.osvdb.org/52518)CVSS-Moderate (https://strikecenter.bpointsys.com/bps/reference/CVSS/6.4%20%28AV%3aN%2fAC%3aL%2fAu%3aN%2fC%3aN%2fI%3aP%2fA%3aP%29),.
1424262043,1424262043,Generic,IXIA,udp,175.45.176.0,1043,149.171.126.10,53,Microsoft_DNS_Server_ANY_Query_Cache_Weakness_attack (https://strikecenter.bpointsys.com/bps/strikes/generic/ixia/microsoft_dns_server_any_query_cache_weakness_attack.xml),CVE 2009-0234 (http://cve.mitre.org/cgi-bin/cvename.cgi?name=2009%2d0234)MSB MS09-008 (http://www.microsoft.com/technet/security/bulletin/MS09%2d008.mspx)BID 33988 (http://www.securityfocus.com/bid/33988)OSVDB 52518 (http://www.osvdb.org/52518)CVSS-Moderate (https://strikecenter.bpointsys.com/bps/reference/CVSS/6.4%20%28AV%3aN%2fAC%3aL%2fAu%3aN%2fC%3aN%2fI%3aP%2fA%3aP%29),.
1424262043,1424262044,DoS, Microsoft Office,tcp,175.45.176.1,34283,149.171.126.19,143,Microsoft Word RTF Parsing Engine Stack Exhaustion (IMAP4) (https://strikecenter.bpointsys.com/bps/strikes/denial/office/microsoft_word_rtf_stack_exhaustion_imap4_download_base64.xml),BPS 2010-0007 (https://strikecenter.bpointsys.com/bps/advisory/BPS-2010%2d0007)CVSS-Moderate (https://strikecenter.bpointsys.com/bps/reference/CVSS/6.8%20%28AV%3aN%2fAC%3aM%2fAu%3aN%2fC%3aP%2fI%3aP%2fA%3aP%29),.
1424262044,1424262044,Exploits, Clientside,tcp,175.45.176.0,4114,149.171.126.13,80,CVE-2014-1791 Microsoft Internet Explorer Memory Corruption (https://strikecenter.bpointsys.com/bps/strikes/exploits/clientside/microsoft/cve_2014_1791_internet_explorer_memory_corruption.xml),CVE 2014-1791 (http://cve.mitre.org/cgi-bin/cvename.cgi?name=2014%2d1791)MSB MS14-035 (http://www.microsoft.com/technet/security/bulletin/MS14%2d035.mspx)BID 67884 (http://www.securityfocus.com/bid/67884)OSVDB 107868 (http://www.osvdb.org/107868)CVSS-High (https://strikecenter.bpointsys.com/bps/reference/CVSS/9.3%20%28AV%3aN%2fAC%3aM%2fAU%3aN%2fC%3aC%2fI%3aC%2fA%3aC%29),.
1424262045,1424262045,Generic,IXIA,udp,175.45.176.0,47439,149.171.126.10,53,Microsoft_DNS_Server_ANY_Query_Cache_Weakness_attack (https://strikecenter.bpointsys.com/bps/strikes/generic/ixia/microsoft_dns_server_any_query_cache_weakness_attack.xml),CVE 2009-0234 (http://cve.mitre.org/cgi-bin/cvename.cgi?name=2009%2d0234)MSB MS09-008 (http://www.microsoft.com/technet/security/bulletin/MS09%2d008.mspx)BID 33988 (http://www.securityfocus.com/bid/33988)OSVDB 52518 (http://www.osvdb.org/52518)CVSS-Moderate (https://strikecenter.bpointsys.com/bps/reference/CVSS/6.4%20%28AV%3aN%2fAC%3aL%2fAu%3aN%2fC%3aN%2fI%3aP%2fA%3aP%29),.
1424262046,1424262046, Reconnaissance ,SunRPC Portmapper (UDP),udp,175.45.176.0,37403,149.171.126.12,111,SunRPC UDP Portmapper GETPORT Request (llockmgrv3/tcp) (https://strikecenter.bpointsys.com/bps/strikes/recon/sunrpc/portmap_udp/service_tcp/llockmgr_v3_tcp.xml),NULL,.
1424262046,1424262046,Generic,IXIA,udp,175.45.176.0,1043,149.171.126.10,53,Microsoft_DNS_Server_ANY_Query_Cache_Weakness_attack (https://strikecenter.bpointsys.com/bps/strikes/generic/ixia/microsoft_dns_server_any_query_cache_weakness_attack.xml),CVE 2009-0234 (http://cve.mitre.org/cgi-bin/cvename.cgi?name=2009%2d0234)MSB MS09-008 (http://www.microsoft.com/technet/security/bulletin/MS09%2d008.mspx)BID 33988 (http://www.securityfocus.com/bid/33988)OSVDB 52518 (http://www.osvdb.org/52518)CVSS-Moderate (https://strikecenter.bpointsys.com/bps/reference/CVSS/6.4%20%28AV%3aN%2fAC%3aL%2fAu%3aN%2fC%3aN%2fI%3aP%2fA%3aP%29),.
1424262046,1424262047,DoS,Miscellaneous,tcp,175.45.176.1,51614,149.171.126.13,502,RIO 47100 PLC Denial of Service (https://strikecenter.bpointsys.com/bps/strikes/denial/misc/cve_2013_0699_galil_rio_plc_dos.xml),CVE 2013-0699 (http://cve.mitre.org/cgi-bin/cvename.cgi?name=2013%2d0699)OSVDB 92804 (http://www.osvdb.org/92804)http://ics-cert.us-cert.gov/advisories/ICSA-13-116-01 (http%3a%2f%2fics%2dcert.us%2dcert.gov%2fadvisories%2fICSA%2d13%2d116%2d01)CVSS-High (https://strikecenter.bpointsys.com/bps/reference/CVSS/7.1%20%28AV%3aN%2fAC%3aM%2fAu%3aN%2fC%3aN%2fI%3aN%2fA%3aC%29),.
1424262047,1424262047,Exploits,Browser ,tcp,175.45.176.3,57456,149.171.126.17,80,Mozilla Firefox 'nsTextFrame::ClearTextRun()' Remote Memory Corruption (https://strikecenter.bpointsys.com/bps/strikes/exploits/browser/firefox_cleartextrun_memory_corruption.xml),CVE 2009-1313 (http://cve.mitre.org/cgi-bin/cvename.cgi?name=2009%2d1313)BID 34743 (http://www.securityfocus.com/bid/34743)CVSS-High (https://strikecenter.bpointsys.com/bps/reference/CVSS/9.3%20%28AV%3aN%2fAC%3aM%2fAu%3aN%2fC%3aC%2fI%3aC%2fA%3aC%29),.
1424262048,1424262048, Fuzzers ,SMB,tcp,175.45.176.3,49158,149.171.126.15,445,Fuzzer: SMB Session Setup Invalid Username (NTLMv2) (https://strikecenter.bpointsys.com/bps/strikes/fuzzers/smb/session_setup_ntlmv2_invalid_username.xml),NULL,.
1424262048,1424262048,Generic,IXIA,udp,175.45.176.0,47439,149.171.126.10,53,Microsoft_DNS_Server_ANY_Query_Cache_Weakness_attack (https://strikecenter.bpointsys.com/bps/strikes/generic/ixia/microsoft_dns_server_any_query_cache_weakness_attack.xml),CVE 2009-0234 (http://cve.mitre.org/cgi-bin/cvename.cgi?name=2009%2d0234)MSB MS09-008 (http://www.microsoft.com/technet/security/bulletin/MS09%2d008.mspx)BID 33988 (http://www.securityfocus.com/bid/33988)OSVDB 52518 (http://www.osvdb.org/52518)CVSS-Moderate (https://strikecenter.bpointsys.com/bps/reference/CVSS/6.4%20%28AV%3aN%2fAC%3aL%2fAu%3aN%2fC%3aN%2fI%3aP%2fA%3aP%29),.
1424262048,1424262049, Fuzzers ,SMB,tcp,175.45.176.3,35711,149.171.126.15,445,BGP Update: Random Path Attributes (https://strikecenter.bpointsys.com/bps/strikes/fuzzers/bgp/update_random_path_attributes.xml),NULL,.
1424262049,1424262049, Fuzzers ,SMB,tcp,175.45.176.3,39601,149.171.126.15,445,Fuzzer: SMB Session Setup Invalid Username (NTLMv2) (https://strikecenter.bpointsys.com/bps/strikes/fuzzers/smb/session_setup_ntlmv2_invalid_username.xml),NULL,.
1424262049,1424262049,Generic,IXIA,udp,175.45.176.0,1043,149.171.126.10,53,Microsoft_DNS_Server_ANY_Query_Cache_Weakness_attack (https://strikecenter.bpointsys.com/bps/strikes/generic/ixia/microsoft_dns_server_any_query_cache_weakness_attack.xml),CVE 2009-0234 (http://cve.mitre.org/cgi-bin/cvename.cgi?name=2009%2d0234)MSB MS09-008 (http://www.microsoft.com/technet/security/bulletin/MS09%2d008.mspx)BID 33988 (http://www.securityfocus.com/bid/33988)OSVDB 52518 (http://www.osvdb.org/52518)CVSS-Moderate (https://strikecenter.bpointsys.com/bps/reference/CVSS/6.4%20%28AV%3aN%2fAC%3aL%2fAu%3aN%2fC%3aN%2fI%3aP%2fA%3aP%29),.
1424262049,1424262050, Fuzzers ,SMB,tcp,175.45.176.3,37965,149.171.126.15,445,Fuzzer: SMB Create Pipe Invalid Path Length (https://strikecenter.bpointsys.com/bps/strikes/fuzzers/smb/create_pipe_invalid_path_length.xml),NULL,.
1424262049,1424262050, Fuzzers ,SMB,tcp,175.45.176.3,37965,149.171.126.15,445,Fuzzer: SMB Session Setup Invalid Username (NTLMv2) (https://strikecenter.bpointsys.com/bps/strikes/fuzzers/smb/session_setup_ntlmv2_invalid_username.xml),NULL,.
1424262049,1424262050, Reconnaissance ,SunRPC Portmapper (TCP) TCP Service,tcp,175.45.176.1,30766,149.171.126.18,111,SunRPC TCP Portmapper GETPORT Request (x25_inrv3/tcp) (https://strikecenter.bpointsys.com/bps/strikes/recon/sunrpc/portmap_tcp/service_tcp/x25_inr_v3_tcp.xml),NULL,.
1424262050,1424262050, Fuzzers ,SMB,tcp,175.45.176.3,59879,149.171.126.15,445,Fuzzer: SMB Session Setup Invalid Username (NTLMv2) (https://strikecenter.bpointsys.com/bps/strikes/fuzzers/smb/session_setup_ntlmv2_invalid_username.xml),NULL,.
1424262050,1424262050,Generic,IXIA,udp,175.45.176.0,47439,149.171.126.10,53,Microsoft_DNS_Server_ANY_Query_Cache_Weakness_attack (https://strikecenter.bpointsys.com/bps/strikes/generic/ixia/microsoft_dns_server_any_query_cache_weakness_attack.xml),CVE 2009-0234 (http://cve.mitre.org/cgi-bin/cvename.cgi?name=2009%2d0234)MSB MS09-008 (http://www.microsoft.com/technet/security/bulletin/MS09%2d008.mspx)BID 33988 (http://www.securityfocus.com/bid/33988)OSVDB 52518 (http://www.osvdb.org/52518)CVSS-Moderate (https://strikecenter.bpointsys.com/bps/reference/CVSS/6.4%20%28AV%3aN%2fAC%3aL%2fAu%3aN%2fC%3aN%2fI%3aP%2fA%3aP%29),.
1424262050,1424262051, Fuzzers ,SMB,tcp,175.45.176.3,42644,149.171.126.15,445,Fuzzer: SMB Session Setup Invalid Username (NTLMv2) (https://strikecenter.bpointsys.com/bps/strikes/fuzzers/smb/session_setup_ntlmv2_invalid_username.xml),NULL,.
1424262051,1424262051,Generic,IXIA,udp,175.45.176.0,1043,149.171.126.10,53,Microsoft_DNS_Server_ANY_Query_Cache_Weakness_attack (https://strikecenter.bpointsys.com/bps/strikes/generic/ixia/microsoft_dns_server_any_query_cache_weakness_attack.xml),CVE 2009-0234 (http://cve.mitre.org/cgi-bin/cvename.cgi?name=2009%2d0234)MSB MS09-008 (http://www.microsoft.com/technet/security/bulletin/MS09%2d008.mspx)BID 33988 (http://www.securityfocus.com/bid/33988)OSVDB 52518 (http://www.osvdb.org/52518)CVSS-Moderate (https://strikecenter.bpointsys.com/bps/reference/CVSS/6.4%20%28AV%3aN%2fAC%3aL%2fAu%3aN%2fC%3aN%2fI%3aP%2fA%3aP%29),.
1424262051,1424262052, Fuzzers ,SMB,tcp,175.45.176.3,10711,149.171.126.15,445,Fuzzer: SMB Session Setup Invalid Username (NTLMv2) (https://strikecenter.bpointsys.com/bps/strikes/fuzzers/smb/session_setup_ntlmv2_invalid_username.xml),NULL,.
1424262051,1424262052,DoS,Miscellaneous,tcp,175.45.176.2,28720,149.171.126.15,25,Music Bee 2.0.4663 File Denial of Service (https://strikecenter.bpointsys.com/bps/strikes/denial/misc/music_bee2_DoS.xml),OSVDB 94534 (http://www.osvdb.org/94534)CVSS-Moderate (https://strikecenter.bpointsys.com/bps/reference/CVSS/6.8%20%28AV%3aN%2fAC%3aM%2fAu%3aN%2fC%3aP%2fI%3aP%2fA%3aP%29),.
1424262052,1424262052, Fuzzers ,SMB,tcp,175.45.176.3,36636,149.171.126.15,445,Fuzzer: SMB Session Setup Invalid Username (NTLMv2) (https://strikecenter.bpointsys.com/bps/strikes/fuzzers/smb/session_setup_ntlmv2_invalid_username.xml),NULL,.
1424262052,1424262052, Shellcode ,BSD,udp,175.45.176.0,24371,149.171.126.11,55753,Shellcode: BSD x86 Shell (evade) - dev0id (UDP) (https://strikecenter.bpointsys.com/bps/strikes/shellcode/bsd/shell_x86_evade_dev0id_udp.xml),http://www.milw0rm.com/shellcode/517 (http%3a%2f%2fwww.milw0rm.com%2fshellcode%2f517),.
1424262052,1424262052,Generic,IXIA,udp,175.45.176.0,47439,149.171.126.10,53,Microsoft_DNS_Server_ANY_Query_Cache_Weakness_attack (https://strikecenter.bpointsys.com/bps/strikes/generic/ixia/microsoft_dns_server_any_query_cache_weakness_attack.xml),CVE 2009-0234 (http://cve.mitre.org/cgi-bin/cvename.cgi?name=2009%2d0234)MSB MS09-008 (http://www.microsoft.com/technet/security/bulletin/MS09%2d008.mspx)BID 33988 (http://www.securityfocus.com/bid/33988)OSVDB 52518 (http://www.osvdb.org/52518)CVSS-Moderate (https://strikecenter.bpointsys.com/bps/reference/CVSS/6.4%20%28AV%3aN%2fAC%3aL%2fAu%3aN%2fC%3aN%2fI%3aP%2fA%3aP%29),.
1424262053,1424262053, Fuzzers ,SMB,tcp,175.45.176.3,40838,149.171.126.15,445,Fuzzer: SMB Session Setup Invalid Username (NTLMv2) (https://strikecenter.bpointsys.com/bps/strikes/fuzzers/smb/session_setup_ntlmv2_invalid_username.xml),NULL,.
1424262053,1424262054, Fuzzers ,SMB,tcp,175.45.176.3,39173,149.171.126.15,445,Fuzzer: SMB Session Setup Invalid Username (NTLMv2) (https://strikecenter.bpointsys.com/bps/strikes/fuzzers/smb/session_setup_ntlmv2_invalid_username.xml),NULL,.
1424262053,1424262054,DoS, Microsoft Office,tcp,175.45.176.3,46257,149.171.126.19,25,Microsoft Word RTF Parsing Engine Stack Exhaustion (SMTP UUEncode) (https://strikecenter.bpointsys.com/bps/strikes/denial/office/microsoft_word_rtf_stack_exhaustion_smtp_attachment_uuencode.xml),BPS 2010-0007 (https://strikecenter.bpointsys.com/bps/advisory/BPS-2010%2d0007)CVSS-Moderate (https://strikecenter.bpointsys.com/bps/reference/CVSS/6.8%20%28AV%3aN%2fAC%3aM%2fAu%3aN%2fC%3aP%2fI%3aP%2fA%3aP%29),.
1424262054,1424262054,Exploits,Miscellaneous,tcp,175.45.176.0,17923,149.171.126.16,5038,Digium Asterisk Manager Shell Execution (https://strikecenter.bpointsys.com/bps/strikes/exploits/misc/cve_2012_2414.xml),CVE 2012-2414 (http://cve.mitre.org/cgi-bin/cvename.cgi?name=2012%2d2414)BID 53206 (http://www.securityfocus.com/bid/53206)OSVDB 81454 (http://www.osvdb.org/81454)CVSS-Moderate (https://strikecenter.bpointsys.com/bps/reference/CVSS/6.5%20%28AV%3aN%2fAC%3aL%2fAu%3aS%2fC%3aP%2fI%3aP%2fA%3aP%29),.
1424262054,1424262054,Generic,IXIA,udp,175.45.176.0,1043,149.171.126.10,53,Microsoft_DNS_Server_ANY_Query_Cache_Weakness_attack (https://strikecenter.bpointsys.com/bps/strikes/generic/ixia/microsoft_dns_server_any_query_cache_weakness_attack.xml),CVE 2009-0234 (http://cve.mitre.org/cgi-bin/cvename.cgi?name=2009%2d0234)MSB MS09-008 (http://www.microsoft.com/technet/security/bulletin/MS09%2d008.mspx)BID 33988 (http://www.securityfocus.com/bid/33988)OSVDB 52518 (http://www.osvdb.org/52518)CVSS-Moderate (https://strikecenter.bpointsys.com/bps/reference/CVSS/6.4%20%28AV%3aN%2fAC%3aL%2fAu%3aN%2fC%3aN%2fI%3aP%2fA%3aP%29),.
1424262054,1424262055, Fuzzers ,SMB,tcp,175.45.176.3,61504,149.171.126.15,445,Fuzzer: SMB Session Setup Invalid Username (NTLMv2) (https://strikecenter.bpointsys.com/bps/strikes/fuzzers/smb/session_setup_ntlmv2_invalid_username.xml),NULL,.
1424262055,1424262055, Reconnaissance ,SunRPC Portmapper (UDP),udp,175.45.176.0,10651,149.171.126.15,111,SunRPC UDP Portmapper GETPORT Request (trafficv3/tcp) (https://strikecenter.bpointsys.com/bps/strikes/recon/sunrpc/portmap_udp/service_tcp/traffic_v3_tcp.xml),NULL,.
1424262055,1424262056, Fuzzers ,SMB,tcp,175.45.176.3,3018,149.171.126.15,445,Fuzzer: SMB Session Setup Invalid Username (NTLMv2) (https://strikecenter.bpointsys.com/bps/strikes/fuzzers/smb/session_setup_ntlmv2_invalid_username.xml),NULL,.
1424262056,1424262056, Fuzzers ,SMB,tcp,175.45.176.3,38506,149.171.126.15,445,Fuzzer: SMB Session Setup Invalid Username (NTLMv2) (https://strikecenter.bpointsys.com/bps/strikes/fuzzers/smb/session_setup_ntlmv2_invalid_username.xml),NULL,.
1424262056,1424262056,Exploits,Browser ,tcp,175.45.176.2,48239,149.171.126.17,80,Apple Quicktime Plugin Content-Type Header Buffer Overflow (https://strikecenter.bpointsys.com/bps/strikes/exploits/browser/cve_2012_3753_apple_quicktime_plugin_content_type_header_buffer_overflow.xml),CVE 2012-3753 (http://cve.mitre.org/cgi-bin/cvename.cgi?name=2012%2d3753)BID 56438 (http://www.securityfocus.com/bid/56438)OSVDB 87088 (http://www.osvdb.org/87088)http://support.apple.com/kb/HT5581 (http%3a%2f%2fsupport.apple.com%2fkb%2fHT5581)CVSS-High (https://strikecenter.bpointsys.com/bps/reference/CVSS/9.3%20%28AV%3aN%2fAC%3aM%2fAu%3aN%2fC%3aC%2fI%3aC%2fA%3aC%29),.
1424262056,1424262056,Generic,IXIA,udp,175.45.176.0,1043,149.171.126.10,53,Microsoft_DNS_Server_ANY_Query_Cache_Weakness_attack (https://strikecenter.bpointsys.com/bps/strikes/generic/ixia/microsoft_dns_server_any_query_cache_weakness_attack.xml),CVE 2009-0234 (http://cve.mitre.org/cgi-bin/cvename.cgi?name=2009%2d0234)MSB MS09-008 (http://www.microsoft.com/technet/security/bulletin/MS09%2d008.mspx)BID 33988 (http://www.securityfocus.com/bid/33988)OSVDB 52518 (http://www.osvdb.org/52518)CVSS-Moderate (https://strikecenter.bpointsys.com/bps/reference/CVSS/6.4%20%28AV%3aN%2fAC%3aL%2fAu%3aN%2fC%3aN%2fI%3aP%2fA%3aP%29),.
1424262056,1424262056,Generic,IXIA,udp,175.45.176.0,47439,149.171.126.10,53,Microsoft_DNS_Server_ANY_Query_Cache_Weakness_attack (https://strikecenter.bpointsys.com/bps/strikes/generic/ixia/microsoft_dns_server_any_query_cache_weakness_attack.xml),CVE 2009-0234 (http://cve.mitre.org/cgi-bin/cvename.cgi?name=2009%2d0234)MSB MS09-008 (http://www.microsoft.com/technet/security/bulletin/MS09%2d008.mspx)BID 33988 (http://www.securityfocus.com/bid/33988)OSVDB 52518 (http://www.osvdb.org/52518)CVSS-Moderate (https://strikecenter.bpointsys.com/bps/reference/CVSS/6.4%20%28AV%3aN%2fAC%3aL%2fAu%3aN%2fC%3aN%2fI%3aP%2fA%3aP%29),.
1424262057,1424262057, Fuzzers ,SMB,tcp,175.45.176.3,60061,149.171.126.15,445,Fuzzer: SMB Session Setup Invalid Username (NTLMv2) (https://strikecenter.bpointsys.com/bps/strikes/fuzzers/smb/session_setup_ntlmv2_invalid_username.xml),NULL,.
1424262057,1424262058, Fuzzers ,SMB,tcp,175.45.176.3,44416,149.171.126.15,445,Fuzzer: SMB Session Setup Invalid Username (NTLMv2) (https://strikecenter.bpointsys.com/bps/strikes/fuzzers/smb/session_setup_ntlmv2_invalid_username.xml),NULL,.
1424262057,1424262058, Reconnaissance ,SunRPC Portmapper (TCP) TCP Service,tcp,175.45.176.0,63176,149.171.126.10,111,SunRPC TCP Portmapper GETPORT Request (sunlink_mapperv3/tcp) (https://strikecenter.bpointsys.com/bps/strikes/recon/sunrpc/portmap_tcp/service_tcp/sunlink_mapper_v3_tcp.xml),NULL,.
1424262058,1424262058, Fuzzers ,SMB,tcp,175.45.176.3,39377,149.171.126.15,445,Fuzzer: SMB Session Setup Invalid Username (NTLMv2) (https://strikecenter.bpointsys.com/bps/strikes/fuzzers/smb/session_setup_ntlmv2_invalid_username.xml),NULL,.
1424262058,1424262058,Generic,SIP,udp,175.45.176.1,19433,149.171.126.18,5060,RFC 4475: SIP Torture Tests: Malformed SIP Request-URI (embedded LWS) (https://strikecenter.bpointsys.com/bps/strikes/generic/sip/rfc_4475_3_1_2_8_malformed_request_uri_embedded_lws.xml),http://www.ietf.org/rfc/rfc4475.txt (http%3a%2f%2fwww.ietf.org%2frfc%2frfc4475.txt),.
1424262059,1424262059, Fuzzers ,SMB,tcp,175.45.176.3,62472,149.171.126.15,445,Fuzzer: SMB Session Setup Invalid Username (NTLMv2) (https://strikecenter.bpointsys.com/bps/strikes/fuzzers/smb/session_setup_ntlmv2_invalid_username.xml),NULL,.
1424262059,1424262059,Generic,IXIA,udp,175.45.176.0,47439,149.171.126.10,53,Microsoft_DNS_Server_ANY_Query_Cache_Weakness_attack (https://strikecenter.bpointsys.com/bps/strikes/generic/ixia/microsoft_dns_server_any_query_cache_weakness_attack.xml),CVE 2009-0234 (http://cve.mitre.org/cgi-bin/cvename.cgi?name=2009%2d0234)MSB MS09-008 (http://www.microsoft.com/technet/security/bulletin/MS09%2d008.mspx)BID 33988 (http://www.securityfocus.com/bid/33988)OSVDB 52518 (http://www.osvdb.org/52518)CVSS-Moderate (https://strikecenter.bpointsys.com/bps/reference/CVSS/6.4%20%28AV%3aN%2fAC%3aL%2fAu%3aN%2fC%3aN%2fI%3aP%2fA%3aP%29),.
1424262059,1424262060, Fuzzers ,SMB,tcp,175.45.176.3,36842,149.171.126.15,445,Fuzzer: SMB Session Setup Invalid Username (NTLMv2) (https://strikecenter.bpointsys.com/bps/strikes/fuzzers/smb/session_setup_ntlmv2_invalid_username.xml),NULL,.
1424262059,1424262060, Reconnaissance , SunRPC Portmapper (TCP) UDP Service,tcp,175.45.176.2,48625,149.171.126.17,111,SunRPC TCP Portmapper GETPORT Request (bootparamv3/udp) (https://strikecenter.bpointsys.com/bps/strikes/recon/sunrpc/portmap_tcp/service_udp/bootparam_v3_udp.xml),NULL,.
1424262060,1424262060,Generic,IXIA,udp,175.45.176.0,1043,149.171.126.10,53,Microsoft_DNS_Server_ANY_Query_Cache_Weakness_attack (https://strikecenter.bpointsys.com/bps/strikes/generic/ixia/microsoft_dns_server_any_query_cache_weakness_attack.xml),CVE 2009-0234 (http://cve.mitre.org/cgi-bin/cvename.cgi?name=2009%2d0234)MSB MS09-008 (http://www.microsoft.com/technet/security/bulletin/MS09%2d008.mspx)BID 33988 (http://www.securityfocus.com/bid/33988)OSVDB 52518 (http://www.osvdb.org/52518)CVSS-Moderate (https://strikecenter.bpointsys.com/bps/reference/CVSS/6.4%20%28AV%3aN%2fAC%3aL%2fAu%3aN%2fC%3aN%2fI%3aP%2fA%3aP%29),.
1424262061,1424262061, Fuzzers ,SMB,tcp,175.45.176.3,53491,149.171.126.15,445,Fuzzer: SMB Session Setup Invalid Username (NTLMv2) (https://strikecenter.bpointsys.com/bps/strikes/fuzzers/smb/session_setup_ntlmv2_invalid_username.xml),NULL,.
1424262061,1424262061, Reconnaissance ,SunRPC Portmapper (UDP) UDP Service,udp,175.45.176.2,40354,149.171.126.13,111,SunRPC UDP Portmapper GETPORT Request (showfhdv3/udp) (https://strikecenter.bpointsys.com/bps/strikes/recon/sunrpc/portmap_udp/service_udp/showfhd_v3_udp.xml),NULL,.
1424262061,1424262061, Shellcode , Mac OS X,udp,175.45.176.3,35872,149.171.126.17,34913,Shellcode: Mac OS X PPC Reverse Stage Null Free - metasploit (UDP) (https://strikecenter.bpointsys.com/bps/strikes/shellcode/osx/reverse_ppc_stage_nf_metasploit_udp.xml),NULL,.
1424262062,1424262062, Fuzzers ,SMB,tcp,175.45.176.3,60025,149.171.126.15,445,Fuzzer: SMB Session Setup Invalid Username (NTLMv2) (https://strikecenter.bpointsys.com/bps/strikes/fuzzers/smb/session_setup_ntlmv2_invalid_username.xml),NULL,.
1424262062,1424262064, Fuzzers ,SMB,tcp,175.45.176.3,43652,149.171.126.15,445,Fuzzer: SMB Session Setup Invalid Username (NTLMv2) (https://strikecenter.bpointsys.com/bps/strikes/fuzzers/smb/session_setup_ntlmv2_invalid_username.xml),NULL,.
1424262063,1424262064,Exploits,Browser ,tcp,175.45.176.0,52149,149.171.126.10,80,Microsoft Internet Explorer Install Engine SetCifFile Overflow (https://strikecenter.bpointsys.com/bps/strikes/exploits/browser/ms04_038_install_engine.xml),CVE 2004-0216 (http://cve.mitre.org/cgi-bin/cvename.cgi?name=2004%2d0216)BID 11366 (http://www.securityfocus.com/bid/11366)OSVDB 10705 (http://www.osvdb.org/10705)CVSS-Critical (https://strikecenter.bpointsys.com/bps/reference/CVSS/10.0%20%28AV%3aN%2fAC%3aL%2fAu%3aN%2fC%3aC%2fI%3aC%2fA%3aC%29),.
1424262064,1424262064,Generic,IXIA,udp,175.45.176.0,47439,149.171.126.10,53,Microsoft_DNS_Server_ANY_Query_Cache_Weakness_attack (https://strikecenter.bpointsys.com/bps/strikes/generic/ixia/microsoft_dns_server_any_query_cache_weakness_attack.xml),CVE 2009-0234 (http://cve.mitre.org/cgi-bin/cvename.cgi?name=2009%2d0234)MSB MS09-008 (http://www.microsoft.com/technet/security/bulletin/MS09%2d008.mspx)BID 33988 (http://www.securityfocus.com/bid/33988)OSVDB 52518 (http://www.osvdb.org/52518)CVSS-Moderate (https://strikecenter.bpointsys.com/bps/reference/CVSS/6.4%20%28AV%3aN%2fAC%3aL%2fAu%3aN%2fC%3aN%2fI%3aP%2fA%3aP%29),.
1424262064,1424262065, Fuzzers ,SMB,tcp,175.45.176.3,10356,149.171.126.15,445,Fuzzer: SMB Session Setup Invalid Username (NTLMv2) (https://strikecenter.bpointsys.com/bps/strikes/fuzzers/smb/session_setup_ntlmv2_invalid_username.xml),NULL,.
1424262064,1424262066,DoS,IGMP,tcp,175.45.176.0,18979,149.171.126.12,80,Microsoft IIS Repeated Parameter Request Denial of Service (https://strikecenter.bpointsys.com/bps/strikes/denial/iis/ms10_065_iis_repeated_parameter_request_dos.xml),CVE 2010-1899 (http://cve.mitre.org/cgi-bin/cvename.cgi?name=2010%2d1899)MSB MS10-065 (http://www.microsoft.com/technet/security/bulletin/MS10%2d065.mspx)CVSS-Moderate (https://strikecenter.bpointsys.com/bps/reference/CVSS/4.3%20%28AV%3aN%2fAC%3aM%2fAu%3aN%2fC%3aN%2fI%3aN%2fA%3aP%29),.
1424262065,1424262065,Generic,IXIA,udp,175.45.176.0,1043,149.171.126.10,53,Microsoft_DNS_Server_ANY_Query_Cache_Weakness_attack (https://strikecenter.bpointsys.com/bps/strikes/generic/ixia/microsoft_dns_server_any_query_cache_weakness_attack.xml),CVE 2009-0234 (http://cve.mitre.org/cgi-bin/cvename.cgi?name=2009%2d0234)MSB MS09-008 (http://www.microsoft.com/technet/security/bulletin/MS09%2d008.mspx)BID 33988 (http://www.securityfocus.com/bid/33988)OSVDB 52518 (http://www.osvdb.org/52518)CVSS-Moderate (https://strikecenter.bpointsys.com/bps/reference/CVSS/6.4%20%28AV%3aN%2fAC%3aL%2fAu%3aN%2fC%3aN%2fI%3aP%2fA%3aP%29),.
1424262065,1424262066, Fuzzers ,SMB,tcp,175.45.176.3,25862,149.171.126.15,445,Fuzzer: SMB Session Setup Invalid Username (NTLMv2) (https://strikecenter.bpointsys.com/bps/strikes/fuzzers/smb/session_setup_ntlmv2_invalid_username.xml),NULL,.
1424262065,1424262066, Reconnaissance ,SunRPC Portmapper (TCP) TCP Service,tcp,175.45.176.1,8250,149.171.126.10,111,SunRPC TCP Portmapper GETPORT Request (rpc_metacldv1/tcp) (https://strikecenter.bpointsys.com/bps/strikes/recon/sunrpc/portmap_tcp/service_tcp/rpc_metacld_v1_tcp.xml),NULL,.
1424262065,1424262067,Exploits,Miscellaneous,tcp,175.45.176.3,17021,149.171.126.15,143,Microsoft Windows Vista Contact Gadget Remote Code Execution (IMAP4) (https://strikecenter.bpointsys.com/bps/strikes/exploits/misc/ms07_048_vista_contact_gadget_imap4_download.xml),CVE 2007-3032 (http://cve.mitre.org/cgi-bin/cvename.cgi?name=2007%2d3032)MSB MS07-048 (http://www.microsoft.com/technet/security/bulletin/MS07%2d048.mspx)BID 25304 (http://www.securityfocus.com/bid/25304)OSVDB 36392 (http://www.osvdb.org/36392)CVSS-Moderate (https://strikecenter.bpointsys.com/bps/reference/CVSS/6.8%20%28AV%3aN%2fAC%3aM%2fAu%3aN%2fC%3aP%2fI%3aP%2fA%3aP%29),.
1424262066,1424262066, Fuzzers ,SMB,tcp,175.45.176.3,39443,149.171.126.15,445,Fuzzer: SMB Session Setup Invalid Username (NTLMv2) (https://strikecenter.bpointsys.com/bps/strikes/fuzzers/smb/session_setup_ntlmv2_invalid_username.xml),NULL,.
1424262066,1424262069,DoS,IGMP,tcp,175.45.176.0,33654,149.171.126.12,80,Microsoft IIS Repeated Parameter Request Denial of Service (https://strikecenter.bpointsys.com/bps/strikes/denial/iis/ms10_065_iis_repeated_parameter_request_dos.xml),CVE 2010-1899 (http://cve.mitre.org/cgi-bin/cvename.cgi?name=2010%2d1899)MSB MS10-065 (http://www.microsoft.com/technet/security/bulletin/MS10%2d065.mspx)CVSS-Moderate (https://strikecenter.bpointsys.com/bps/reference/CVSS/4.3%20%28AV%3aN%2fAC%3aM%2fAu%3aN%2fC%3aN%2fI%3aN%2fA%3aP%29),.
1424262067,1424262068, Fuzzers ,SMB,tcp,175.45.176.3,36468,149.171.126.15,445,Fuzzer: SMB Session Setup Invalid Username (NTLMv2) (https://strikecenter.bpointsys.com/bps/strikes/fuzzers/smb/session_setup_ntlmv2_invalid_username.xml),NULL,.
1424262067,1424262068, Reconnaissance , SunRPC Portmapper (TCP) UDP Service,tcp,175.45.176.2,64395,149.171.126.18,111,SunRPC TCP Portmapper GETPORT Request (ippathv2/udp) (https://strikecenter.bpointsys.com/bps/strikes/recon/sunrpc/portmap_tcp/service_udp/ippath_v2_udp.xml),NULL,.
1424262068,1424262068,Generic,IXIA,udp,175.45.176.0,47439,149.171.126.10,53,Microsoft_DNS_Server_ANY_Query_Cache_Weakness_attack (https://strikecenter.bpointsys.com/bps/strikes/generic/ixia/microsoft_dns_server_any_query_cache_weakness_attack.xml),CVE 2009-0234 (http://cve.mitre.org/cgi-bin/cvename.cgi?name=2009%2d0234)MSB MS09-008 (http://www.microsoft.com/technet/security/bulletin/MS09%2d008.mspx)BID 33988 (http://www.securityfocus.com/bid/33988)OSVDB 52518 (http://www.osvdb.org/52518)CVSS-Moderate (https://strikecenter.bpointsys.com/bps/reference/CVSS/6.4%20%28AV%3aN%2fAC%3aL%2fAu%3aN%2fC%3aN%2fI%3aP%2fA%3aP%29),.
1424262068,1424262069,Exploits, Office Document,tcp,175.45.176.0,17293,149.171.126.17,110,Microsoft Office PowerPoint Legacy File Format Stack Overflow (POP3 Base64) (https://strikecenter.bpointsys.com/bps/strikes/exploits/office/ms09_017_powerpoint_4_stack_pop3_download_base64.xml),CVE 2009-0227 (http://cve.mitre.org/cgi-bin/cvename.cgi?name=2009%2d0227)MSB MS09-017 (http://www.microsoft.com/technet/security/bulletin/MS09%2d017.mspx)CVSS-High (https://strikecenter.bpointsys.com/bps/reference/CVSS/9.3%20%28AV%3aN%2fAC%3aM%2fAu%3aN%2fC%3aC%2fI%3aC%2fA%3aC%29),.
